{"cameraMode":{"drawMode":0,"name":"Shaded","section":"Shading Mode"},"sceneLighting":false,"audioPlay":false,"sceneViewState":{"showFog":true,"showMaterialUpdate":false,"showSkybox":false,"showFlares":true,"showImageEffects":true,"showParticleSystems":true},"in2DMode":false,"pivot":{"x":-1.391882300376892,"y":1.7588622570037842,"z":-6.650928497314453},"rotation":{"x":0.25647059082984927,"y":-0.030440039932727815,"z":0.008081534877419472,"w":0.9660431742668152},"size":6.961253643035889,"orthographic":true}