{"cameraMode":{"drawMode":0,"name":"Shaded","section":"Shading Mode"},"sceneLighting":false,"audioPlay":false,"sceneViewState":{"showFog":true,"showMaterialUpdate":false,"showSkybox":false,"showFlares":true,"showImageEffects":true,"showParticleSystems":true},"in2DMode":false,"pivot":{"x":-1.455177903175354,"y":2.33186936378479,"z":5.1736063957214359},"rotation":{"x":0.13745537400245667,"y":-0.14945530891418458,"z":0.020985109731554986,"w":0.9789459705352783},"size":21.28166961669922,"orthographic":true}