{"cameraMode":{"drawMode":0,"name":"Shaded","section":"Shading Mode"},"sceneLighting":false,"audioPlay":false,"sceneViewState":{"showFog":true,"showMaterialUpdate":false,"showSkybox":false,"showFlares":true,"showImageEffects":true,"showParticleSystems":true},"in2DMode":false,"pivot":{"x":0.005297243595123291,"y":0.3535585105419159,"z":-4.470348358154297e-8},"rotation":{"x":0.25647059082984927,"y":-0.030440039932727815,"z":0.008081534877419472,"w":0.9660431742668152},"size":2.2151288986206056,"orthographic":true}