{"cameraMode":{"drawMode":0,"name":"Shaded","section":"Shading Mode"},"sceneLighting":false,"audioPlay":false,"sceneViewState":{"showFog":true,"showMaterialUpdate":false,"showSkybox":false,"showFlares":true,"showImageEffects":true,"showParticleSystems":true},"in2DMode":false,"pivot":{"x":-3.2522010803222658,"y":-3.1689319610595705,"z":-7.36480712890625},"rotation":{"x":-0.23712418973445893,"y":0.4517296552658081,"z":-0.12590035796165467,"w":-0.8508005738258362},"size":54.17625427246094,"orthographic":false}