{"cameraMode":{"drawMode":0,"name":"Shaded","section":"Shading Mode"},"sceneLighting":false,"audioPlay":false,"sceneViewState":{"showFog":true,"showMaterialUpdate":false,"showSkybox":false,"showFlares":true,"showImageEffects":true,"showParticleSystems":true},"in2DMode":false,"pivot":{"x":-1.391882300376892,"y":1.7588622570037842,"z":-6.650928497314453},"rotation":{"x":0.10899811238050461,"y":-0.07150690257549286,"z":0.007861413061618805,"w":0.9914394021034241},"size":4.548233509063721,"orthographic":true}