{"cameraMode":{"drawMode":0,"name":"Shaded","section":"Shading Mode"},"sceneLighting":false,"audioPlay":false,"sceneViewState":{"showFog":true,"showMaterialUpdate":false,"showSkybox":false,"showFlares":true,"showImageEffects":true,"showParticleSystems":true},"in2DMode":false,"pivot":{"x":-0.6153463125228882,"y":6.957973957061768,"z":-11.343429565429688},"rotation":{"x":0.1820216029882431,"y":0.12265768647193909,"z":-0.022892553359270097,"w":0.9753473997116089},"size":10.372825622558594,"orthographic":true}