{"cameraMode":{"drawMode":0,"name":"Shaded","section":"Shading Mode"},"sceneLighting":false,"audioPlay":false,"sceneViewState":{"showFog":true,"showMaterialUpdate":false,"showSkybox":false,"showFlares":true,"showImageEffects":true,"showParticleSystems":true},"in2DMode":false,"pivot":{"x":3.1311116218566896,"y":0.8585416078567505,"z":-8.218017578125},"rotation":{"x":0.10786297917366028,"y":-0.12196342647075653,"z":0.01333431527018547,"w":0.9865738749504089},"size":17.95264434814453,"orthographic":true}