{"cameraMode":{"drawMode":0,"name":"Shaded","section":"Shading Mode"},"sceneLighting":true,"audioPlay":false,"sceneViewState":{"showFog":true,"showMaterialUpdate":false,"showSkybox":true,"showFlares":true,"showImageEffects":true,"showParticleSystems":true},"in2DMode":false,"pivot":{"x":1.1999995708465577,"y":0.07017850875854492,"z":9.260000228881836},"rotation":{"x":0.08360405266284943,"y":0.6737144589424133,"z":-0.07713719457387924,"w":0.7301842570304871},"size":11.431535720825196,"orthographic":true}